[null,{"name":"hasło","permissions":"NONE","restriction":"0","_id":"SRHYX","actions":[{"condition":"0","comparison":"0","value":"1","iftrue":"0","iftrueVal":"","iffalse":"2","iffalseVal":"11","name":"Check Parameters"},{"info":"1","find":"ladowanie","storage":"1","varName":"emoji_name","name":"Find Custom Emoji"},{"info":"1","find":"GreenTick","storage":"1","varName":"emoji_nameTick","name":"Find Custom Emoji"},{"info":"0","infoIndex":"1","storage":"1","varName":"pwLength","name":"Store Command Params"},{"storage":"1","varName":"pwLength","comparison":"4","value":"20","iftrue":"2","iftrueVal":"16","iffalse":"0","iffalseVal":"","name":"Check Variable"},{"storage":"1","varName":"pwLength","comparison":"3","value":"5","iftrue":"2","iftrueVal":"21","iffalse":"0","iffalseVal":"","name":"Check Variable"},{"input":"*","wordLength":"${tempVars(\"pwLength\")}","storage":"1","varName":"Password","name":"Randomize Letters"},{"channel":"0","varName":"","message":"${tempVars(\"emoji_name\")} **Wysyłam hasło w __prywatnej wiadomości__!**","storage":"1","varName2":"wiadomosc_send","name":"Send Message"},{"time":"4","measurement":"1","name":"Wait"},{"storage":"1","varName":"wiadomosc_send","message":"${tempVars(\"emoji_nameTick\")} **Hasło zostało wysłane! Zobacz __prywatne wiadomości__.**","name":"Edit Message"},{"title":"Oto Twoje hasło:","author":"","color":"","url":"","authorIcon":"","authorUrl":"","imageUrl":"","thumbUrl":"","timestamp":"false","debug":"false","text":"","year":"","month":"","day":"","hour":"","minute":"","second":"","storage":"1","varName":"embed_password","name":"Create Embed Message"},{"storage":"1","varName":"embed_password","message":"Twoje nowe hasło: (**Kliknij w spoiler**)\n\n||${tempVars(\"Password\")}||\n\n**Mam nadzieję, że dzięki temu Twoje konta będą bezpieczne.**","name":"Set Embed Description"},{"storage":"1","varName":"embed_password","channel":"1","varName2":"","storage3":"0","varName3":"","name":"Send Embed Message"},{"name":"End Action Sequence"},{"title":":x: **BŁĄD** :x:","author":"","color":"RED","url":"","authorIcon":"","authorUrl":"","imageUrl":"","thumbUrl":"","timestamp":"false","debug":"false","text":"","year":"","month":"","day":"","hour":"","minute":"","second":"","storage":"1","varName":"Embed_Error","name":"Create Embed Message"},{"storage":"1","varName":"Embed_Error","message":"Komenda wywołana przez ${msg.author.tag}","footerIcon":"${msg.author.avatarURL}","name":"Set Embed Footer"},{"storage":"1","varName":"Embed_Error","message":"Podaj liczbę (jak długie ma być Twoje hasło)","name":"Set Embed Description"},{"storage":"1","varName":"Embed_Error","channel":"0","varName2":"","storage3":"0","varName3":"","name":"Send Embed Message"},{"name":"End Action Sequence"},{"title":":x: **BŁĄD** :x:","author":"","color":"RED","url":"","authorIcon":"","authorUrl":"","imageUrl":"","thumbUrl":"","timestamp":"false","debug":"false","text":"","year":"","month":"","day":"","hour":"","minute":"","second":"","storage":"1","varName":"Embed_Error_2","name":"Create Embed Message"},{"storage":"1","varName":"Embed_Error_2","message":"Komenda wywołana przez ${msg.author.tag}","footerIcon":"${msg.author.avatarURL}","name":"Set Embed Footer"},{"storage":"1","varName":"Embed_Error_2","message":"Hasło może mieć maksymalnie 20 znaków!","name":"Set Embed Description"},{"storage":"1","varName":"Embed_Error_2","channel":"0","varName2":"","storage3":"0","varName3":"","name":"Send Embed Message"},{"name":"End Action Sequence"},{"title":":x: **BŁĄD** :x:","author":"","color":"RED","url":"","authorIcon":"","authorUrl":"","imageUrl":"","thumbUrl":"","timestamp":"false","debug":"false","text":"","year":"","month":"","day":"","hour":"","minute":"","second":"","storage":"1","varName":"Embed_Error_3","name":"Create Embed Message"},{"storage":"1","varName":"Embed_Error_3","message":"Komenda wywołana przez ${msg.author.tag}","footerIcon":"${msg.author.avatarURL}","name":"Set Embed Footer"},{"storage":"1","varName":"Embed_Error_3","message":"Hasło może mieć minimum 5 znaków!","name":"Set Embed Description"},{"storage":"1","varName":"Embed_Error_3","channel":"0","varName2":"","storage3":"0","varName3":"","name":"Send Embed Message"}],"_aliases":["haslo","hasło","pass"]},{"name":"odpisz","permissions":"NONE","restriction":"4","_id":"wmuCu","actions":[{"member":"1","varName":"","info":"16","storage":"1","varName2":"avatar_autora","name":"Store Member Info"},{"info":"1","infoIndex":"2","storage":"1","varName":"tresc","name":"Store Command Params"},{"title":"","author":"","color":"#ffcd00","timestamp":"true","url":"","authorIcon":"","imageUrl":"","thumbUrl":"${tempVars(\"avatar_autora\")}","storage":"1","varName":"embediro","name":"Create Embed Message"},{"storage":"1","varName":"embediro","fieldName":"● Odpowiedź:","message":"${tempVars(\"tresc\")}","inline":"1","name":"Add Embed Field"},{"storage":"1","varName":"embediro","message":"","footerIcon":"","name":"Set Embed Footer"},{"storage":"1","varName":"embediro","channel":"2","varName2":"","storage3":"0","varName3":"","name":"Send Embed Message"},{"title":"","author":"","color":"#0064ff","timestamp":"true","url":"","authorIcon":"","imageUrl":"","thumbUrl":"${tempVars(\"avatar_autora\")}","storage":"1","varName":"embediroV2","name":"Create Embed Message"},{"storage":"1","varName":"embediroV2","fieldName":"Odpowiedź na wiadomość!","message":"${tempVars(\"tresc\")}","inline":"1","name":"Add Embed Field"},{"storage":"1","varName":"embediroV2","message":"💬 ","footerIcon":"","name":"Set Embed Footer"},{"storage":"1","varName":"embediroV2","channel":"0","varName2":"","storage3":"0","varName3":"embed_delete","name":"Send Embed Message"},{"time":"2","measurement":"1","name":"Wait"},{"storage":"0","varName":"","name":"Delete Message"}]},{"name":"sprawa","permissions":"NONE","restriction":"1","_id":"EaiYh","actions":[{"member":"1","varName":"","info":"16","storage":"1","varName2":"avatar_wysyłającego","name":"Store Member Info"},{"condition":"0","comparison":"2","value":"1","iftrue":"3","iftrueVal":"7","iffalse":"0","iffalseVal":"","name":"Check Parameters"},{"title":"","author":"","color":"#00c9ff","timestamp":"false","url":"","authorIcon":"","imageUrl":"","thumbUrl":"","storage":"1","varName":"embediro","name":"Create Embed Message"},{"storage":"1","varName":"embediro","message":"Chcesz wysłać jakąś wiadomość do mnie?\n**Wpisz:** `!sprawa (treść)`","name":"Set Embed Description"},{"storage":"1","varName":"embediro","channel":"0","varName2":"","storage3":"1","varName3":"error_zwrotna","name":"Send Embed Message"},{"time":"5","measurement":"1","name":"Wait"},{"storage":"0","varName":"","name":"Delete Message"},{"storage":"1","varName":"error_zwrotna","name":"Delete Message"},{"name":"End Action Sequence"},{"info":"0","find":"591604167215153163","storage":"1","varName":"kanal_sprawa","name":"Find Channel"},{"info":"1","infoIndex":"1","storage":"1","varName":"tekst","name":"Store Command Params"},{"member":"1","varName":"","info":"7","storage":"1","varName2":"user_wysyyla","name":"Store Member Things"},{"title":"","author":"","color":"#FF0000","timestamp":"true","url":"","authorIcon":"","imageUrl":"","thumbUrl":"${tempVars(\"avatar_wysyłającego\")}","storage":"1","varName":"embediro2","name":"Create Embed Message"},{"storage":"1","varName":"embediro2","fieldName":"**${tempVars(\"user_wysyyla\")}** - Wysyła Ci wiadomość!","message":"*${tempVars(\"tekst\")}*","inline":"1","name":"Add Embed Field"},{"storage":"1","varName":"embediro2","message":"💬","footerIcon":"","name":"Set Embed Footer"},{"storage":"1","varName":"embediro2","channel":"5","varName2":"kanal_sprawa","storage3":"0","varName3":"","name":"Send Embed Message"},{"time":"2","measurement":"1","name":"Wait"},{"storage":"0","varName":"","name":"Delete Message"},{"channel":"0","varName":"","message":"Wiadomość wysłana!","storage":"1","varName2":"sprawa_wiadomość","name":"Send Message"},{"time":"3","measurement":"1","name":"Wait"},{"storage":"1","varName":"sprawa_wiadomość","name":"Delete Message"},{"title":"","author":"","color":"#00ff7c","timestamp":"true","url":"","authorIcon":"","imageUrl":"","thumbUrl":"","storage":"1","varName":"embed_PW","name":"Create Embed Message"},{"storage":"1","varName":"embed_PW","fieldName":"🔔 Wysłałeś wiadomość!","message":"**Dokładna treść twojej wiadomości:**\n```${tempVars(\"tekst\")}```","inline":"1","name":"Add Embed Field"},{"storage":"1","varName":"embed_PW","message":"💬 ","footerIcon":"","name":"Set Embed Footer"},{"storage":"1","varName":"embed_PW","channel":"1","varName2":"","storage3":"0","varName3":"","name":"Send Embed Message"}]},{"name":"setup","permissions":"ADMINISTRATOR","restriction":"1","_id":"LCVcY","actions":[{"channelName":"I N F O R M A C J E","position":"1","storage":"1","varName":"category","name":"Create Category Channel"},{"channel":"3","varName":"category","info":"1","storage":"1","varName2":"category","name":"Store Channel Info"},{"channelName":"👪 Użytkownicy:","categoryID":"","bitrate":"","userLimit":"1","storage":"2","varName":"user","name":"Create Voice Channel"},{"storage":"4","varName":"user","toChange":"parent","newState":"${tempVars(\"category\")}","name":"Edit Channel"},{"storage":"4","varName":"user","permission":"CONNECT","state":"1","name":"Set Voice Channel Perms"},{"channelName":"🕗 Godzina:","bitrate":"","userLimit":"1","storage":"2","varName":"hour","name":"Create Voice Channel"},{"storage":"4","varName":"hour","toChange":"parent","newState":"${tempVars(\"category\")}","name":"Edit Channel"},{"storage":"4","varName":"hour","permission":"CONNECT","state":"1","name":"Set Voice Channel Perms"},{"storage":"2","varName":"user","name":"Save Variable"},{"storage":"2","varName":"hour","name":"Save Variable"}],"comType":"0"},{"name":"restart","permissions":"NONE","restriction":"1","actions":[{"channel":"0","varName":"","message":"restartuję się! poczekaj trochę to potrwa","storage":"0","varName2":"","iffalse":"0","iffalseVal":"","name":"Send Message"},{"name":"Restart Bot"}]},{"name":"botstop","permissions":"NONE","restriction":"1","actions":[{"name":"Stop Bot"}]},{"name":"infouser","permissions":"NONE","restriction":"1","actions":[]}]