[null,{"name":"setgame","temp":"","event-type":"3","actions":[{"gameName":"ziomki hiza górą!!!","gameLink":"","name":"Set Bot Game"}]},{"name":"join","temp":"user","event-type":"6","actions":[{"info":"0","find":"691560236883902467","storage":"1","varName":"kanal","name":"Find Channel"},{"server":"0","varName":"","info":"17","storage":"1","varName2":"który","name":"Store Server Things"},{"member":"2","varName":"user","info":"16","storage":"1","varName2":"avatar_URL","name":"Store Member Info"},{"title":"","author":"","color":"#000066","timestamp":"true","url":"","authorIcon":"","imageUrl":"","thumbUrl":"${tempVars(\"avatar_URL\")}","storage":"1","varName":"embed","name":"Create Embed Message"},{"storage":"1","varName":"embed","fieldName":"witaj","message":"${tempVars(\"user\")} jesteś naszym ${tempVars(\"który\")} użytkownikiem","inline":"1","name":"Add Embed Field"},{"storage":"1","varName":"embed","message":"💬","footerIcon":"","name":"Set Embed Footer"},{"storage":"1","varName":"embed","channel":"5","varName2":"kanal","storage3":"0","varName3":"","name":"Send Embed Message"}]},{"name":"left","temp":"user","event-type":"7","actions":[{"info":"0","find":"691560236883902467","storage":"1","varName":"kanal","name":"Find Channel"},{"server":"0","varName":"","info":"17","storage":"1","varName2":"ile","name":"Store Server Things"},{"member":"2","varName":"user","info":"16","storage":"1","varName2":"avatar_URL","name":"Store Member Info"},{"title":"","author":"","color":"#ff3300","timestamp":"true","url":"","authorIcon":"","imageUrl":"","thumbUrl":"${tempVars(\"avatar_URL\")}","storage":"1","varName":"embed","name":"Create Embed Message"},{"storage":"1","varName":"embed","fieldName":"Żegnamy :(","message":"${tempVars(\"user\")} wyszedł z naszego serwera, teraz jest nas ${tempVars(\"ile\")}","inline":"1","name":"Add Embed Field"},{"storage":"1","varName":"embed","message":"💬","footerIcon":"","name":"Set Embed Footer"},{"storage":"1","varName":"embed","channel":"5","varName2":"kanal","storage3":"0","varName3":"","name":"Send Embed Message"}]}]